Name	Image	Height	Year	Coordinates
Salesforce Tower	NULL	1,070 (326)	2017	37°47′24″N,122°23′49″W
Transamerica Pyramid	NULL	853 (260)	1972	37°47′42.72″N,122°24′10.08″W
181 Fremont	NULL	802 (245)	2017	37°47′23″N,122°23′43″W
555 California Street	NULL	779 (237)	1969	37°47′30.84″N,122°24′13.68″W
345 California Center	NULL	721 (220)	1986	37°47′33.00″N,122°24′1.80″W
Millennium Tower	NULL	645 (197)	2009	37°47′25.44″N,122°23′45.96″W
One Rincon Hill South Tower	NULL	641 (195)	2008	37°47′8.8″N,122°23′31.7″W
50 Fremont Center	NULL	600 (183)	1985	37°47′25.7″N,122°23′50.1″W
101 California Street	NULL	600 (183)	1982	37°47′34.26″N,122°23′52.55″W
Market Center	NULL	573 (175)	1975	37°47′22.38″N,122°24′1.08″W
Four Embarcadero Center	NULL	571 (174)	1982	37°47′42.72″N,122°23′45.96″W
One Embarcadero Center	NULL	568 (173)	1971	37°47′40.2″N,122°23′58.92″W
44 Montgomery Street	NULL	565 (172)	1967	37°47′23.28″N,122°24′6.48″W
Spear Tower	NULL	564 (172)	1976	37°47′35.84″N,122°23′40.27″W
One Sansome Street	NULL	550 (168)	1984	37°47′25.5″N,122°24′4.6″W
One Rincon Hill North Tower	NULL	541 (165)	2014	37°47′11.04″N,122°23′31.44″W
One Front Street	NULL	538 (164)	1979	37°47′30.5″N,122°23′55.7″W
First Market Tower	NULL	528 (161)	1973	37°47′25.80″N,122°23′56.76″W
McKesson Plaza	NULL	528 (161)	1969	37°47′19.32″N,122°24′9.36″W
425 Market Street	NULL	525 (160)	1973	37°47′27.96″N,122°23′53.16″W
One Montgomery Tower	NULL	500 (152)	1982	37°47′20.76″N,122°24′11.88″W
333 Bush Street	NULL	495 (151)	1986	37°47′26.16″N,122°24′10.80″W
Hilton San Francisco Tower I	NULL	493 (150)	1971	37°47′7.08″N,122°24′39.24″W
Pacific Gas &amp; Electric Building	NULL	493 (150)	1971	37°47′29.76″N,122°23′44.88″W
50 California Street	NULL	487 (148)	1972	37°47′38.40″N,122°23′50.64″W
555 Mission Street	NULL	487 (148)	2008	37°47′18.60″N,122°23′54.96″W
St. Regis Museum Tower	NULL	484 (148)	2005	37°47′10.68″N,122°24′4.68″W
100 Pine Center	NULL	476 (145)	1972	37°47′33.32″N,122°23′56.21″W
45 Fremont Street	NULL	476 (145)	1978	37°47′28.32″N,122°23′49.56″W
333 Market Street	NULL	472 (144)	1979	37°47′30.98″N,122°23′51.00″W
650 California Street	NULL	466 (142)	1964	37°47′34.2″N,122°24′18.7″W
LUMINA I	NULL	450 (137)	2015	37°47′19.30″N,122°23′31.99″W
100 First Plaza	NULL	447 (136)	1988	37°47′21.0″N,122°23′51.0″W
340 Fremont Street	NULL	440 (134)	2016	37°47′13.23″N,122°23′33.86″W
399 Fremont Street	NULL	440 (134)	2016	37°47′13.94″N,122°23′31.34″W
One California	NULL	438 (134)	1969	37°47′35.52″N,122°23′49.92″W
San Francisco Marriott Marquis	NULL	436 (133)	1989	37°47′5.64″N,122°24′15.48″W
Russ Building	NULL	435 (133)	1927	37°47′28.32″N,122°24′10.08″W
140 New Montgomery	NULL	435 (133)	1925	37°47′13.20″N,122°24′0.00″W
Jasper	NULL	430 (131)	2015	37°47′9.19″N,122°23′37.61″W
The Infinity II	NULL	420 (128)	2009	37°47′21.76″N,122°23′26.39″W
JPMorgan Chase Building	NULL	420 (128)	2002	37°47′19.6″N,122°23′58.0″W
The Paramount	NULL	420 (128)	2002	37°47′12.0″N,122°24′7.0″W
Providian Financial Building	NULL	417 (127)	1981	37°47′28.40″N,122°23′42.16″W
Three Embarcadero Center	NULL	413 (126)	1977	37°47′42.5″N,122°23′50.5″W
Two Embarcadero Center	NULL	413 (126)	1974	37°47′41.8″N,122°23′54.5″W
350 Mission Street	NULL	413 (126)	2015	37°47′27.31″N,122°23′48.25″W
595 Market Street	NULL	410 (125)	1979	37°47′21.31″N,122°24′2.92″W
123 Mission Street	NULL	407 (124)	1986	37°47′30.84″N,122°23′40.20″W
101 Montgomery	NULL	404 (123)	1984	37°47′25.44″N,122°24′8.64″W
Embarcadero West	NULL	404 (123)	1989	37°47′37.9″N,122°24′1.6″W
100 Van Ness Avenue	NULL	400 (122)	1974	37°46′36.2″N,122°25′09.1″W
LUMINA II	NULL	400 (122)	2015	37°47′19.47″N,122°23′29.41″W
